name,count
Fred Tatasciore,2
Brian Larsen,1
Anndi McAfee,1
Sarah Hollis,1
Daniel MK Cohen,1
Ashley Bell,1
Lucie Vuong,1
Cheyah Rukavina,1
Tara Strong,1
Jamieson Price,1
Scott Menville,1
Mona Marshall,1
Paul Karmiryan,1
Barbara Goodson,1
Bob Bergen,1
Robert Pattinson,1
Andrew Stanton,1
Jerome Ranft,1
Bad Bunny,1
Alan Cumming,1
Krys Marshall,1
Jeff Pidgeon,1
John Hopkins,1
Matty Matheson,1
Melissa Villaseñor,1
Jeff Garlin,1
Ernie Hudson,1
Keanu Reeves,1
Mykal-Michelle Harris,1
Annie Potts,1
Anna Vocino,1
Paxton Andrews,1
Rachel Butera,1
John Kassir,1
Ashly Burch,1
JP Karliak,1
Camden Brooks,1
Aaron Hendry,1
Eric Bauza,1
Barbara Eve Harris,1
George Lucas,1
Phil LaMarr,1
Bobby Moynihan,1
Zoey Deutch,1
Jesse Eisenberg,1
Jeff Bridges,1
Sailor Mae Money,1
Allison Janney,1
Trey Parker,1
Pierre Coffin,1
Hynden Walch,1
Kayleigh Rayne,1
Brad Norman,1
Amari McCoy,1
Lucy Lowe,1
Keston John,1
Terri Douglas,1
Michael Bell,1
Shelby Young,1
Kari Wahlgren,1
Jordan Sunshine,1
Hazel Shea,1
Christoph Waltz,1
Aaron Lynn,1
Arthur Galiano,1
Eddison Burch,1
Susie Coutts,1
Chanelle Nicole,1
Michelle Schechter,1
Dylan Zalikowski,1
Elliott Culpepper,1
Emma Mulkern,1
Everleigh Brenner,1
Michael Bijok,1
Stephen Adentan,1
Elena Rivers,1
Kelly Coughlin,1
Max Kraus,1
Jeff Bergman,1
Christian Vunipola,1
Arun Bassi,1
Hafþór Júlíus Björnsson,1
James Apps,1
Hung Dante Dong,1
Kojo Attah,1
Dolph Lundgren,1
James Wilkinson,1
Eire Farrell,1
Artie Wilkinson-Hunt,1
Christiaan Bettridge,1
Tom Wilton,1
Kristen Wiig,1
Morena Baccarin,1
Charlotte Riley,1
Sasheer Zamata,1
Blake Clark,1
John Ratzenberger,1
Wallace Shawn,1
Kristen Schaal,1
Bonnie Hunt,1
Lori Alan,1
Jay Hernandez,1
Scarlett Spears,1
Tony Hale,1
Shelby Rabara,1
Craig Robinson,1
Conan O'Brien,1
Greta Lee,1
Joan Cusack,1
Tim Allen,1
Delilah O’Riordan,1
Justin Yau,1
Kellen Goff,1
Charlie Jimenez,1
Lauren Saliu,1
Gary Martin,1
Fletcher Glenn,1
Christopher Ragland,1
Piotr Michael,1
Billy Clements,1
Olivia Marcus,1
Richard David-Caine,1
Connor Crawford,1
Mark Conway,1
Devonté Sackitey,1
Callum Burns,1
Tom Hanks,1
Kelly Tiddes,1
Eric Feltes,1
Bryson Dean Haney,1
Hattie M. Baker,1
Grace Junot,1
Damon Wayans Jr.,1
Genesis Moore,1
Leah Merritt,1
Felissa Rose,1
D.C. Ervin,1
Deon Cole,1
Keeanu Wayans,1
Axl July Ivory Wayans,1
Maurice Mo Hill,1
Craig Wayans,1
Arif S. Kinchen,1
Ilia Christmas Wayans,1
Glenn Vandagriff,1
Charlene Amoia,1
Carmen Electra,1
Shaquille O'Neal,1
Teyana Taylor,1
Kenan Thompson,1
Anthony Anderson,1
Chip Carriere,1
Fedor Steer,1
Paige Mobley,1
Jon Abrahams,1
Heidi Gardner,1
Chris Elliott,1
Kim Wayans,1
Kai Cenat,1
Andrew Howard,1
Jovan Adepo,1
Katerina Antemel,1
Mickey Shilowich,1
Adam Croasdell,1
Benny Safdie,1
Kate Fuglei,1
Ryan Hurst,1
Mia Goth,1
Mason Cufari,1
Raimy Lang,1
John Ales,1
Jamie Harris,1
Iddo Goldberg,1
Matt Damon,1
Brandi Marie King,1
Luisa Fernanda Islas,1
Viviana Delgado,1
Ángel Silva,1
Cedma Morales,1
Giovani Florido,1
Jaydy Michel,1
Gabriela Zamora,1
Ivana Salomón,1
Pilar Pascual,1
Matías Coronado,1
Leonardo Ortizgris,1
Óscar Casas,1
José María Yázpik,1
Ludwika Paleta,1
Elyes Gabel,1
Tom Holland,1
James Norton,1
Olivia Cooke,1
Emma D'Arcy,1
Matt Smith,1
Carlos Alazraqui,1
Nora Wyman,1
Matthew Wood,1
Jess Harnell,1
Debra Wilson,1
Isa Hall,1
Nisa Ward,1
Willow Geer,1
Bryan Tuck,1
Damon Fung,1
Aaron Fors,1
Lochlyn Munro,1
Dave Fennoy,1
Isaac Robinson-Smith,1
Claire Dodgson,1
Noreen Reardon,1
Jessica DiCicco,1
Alessandra Perez,1
Debi Derryberry,1
Levi Nunez,1
Ken Daurio,1
Laraine Newman,1
Will Collyer,1
Danny Mann,1
Cathy Cavadini,1
Mick Lauer,1
Nia Castro,1
Lorenzo Ross,1
Cheri Oteri,1
Dave Sheridan,1
Ruby Snowber,1
Benny Zielke,1
Gregg Wayans,1
Sydney Park,1
Cameron Scott Roberts,1
Savannah Lee Nassif,1
Olivia Rose Keegan,1
Regina Hall,1
Anna Faris,1
Shawn Wayans,1
Marlon Wayans,1
Joplin Sibtain,1
Tom Bennett,1
Steve Toussaint,1
Gayle Rankin,1
Freddie Fox,1
Kurt Egyiawan,1
Phoebe Campbell,1
Clinton Liberty,1
Abubakar Salim,1
Jefferson Hall,1
Bethany Antonia,1
Phia Saban,1
Harry Collett,1
Ewan Mitchell,1
Tom Glynn-Carney,1
Sonoya Mizuno,1
Matthew Needham,1
Fabien Frankel,1
Kieran Bew,1
Lora Lee Gayer,1
Priyanka Kedia,1
Jim Parrack,1
Tyler Maxwell Renaud,1
Delaney Anne Cuthbert,1
Brandon Wilson,1
Tommy Martinez,1
Hettienne Park,1
Ephraim Birney,1
Ron Song,1
Lance Hoyt,1
Brian Button,1
Chavo Guerrero Jr.,1
Margo Seibert,1
James Purefoy,1
Nina White,1
Elizabeth Stanley,1
Clarke Thorell,1
Noah Robbins,1
Elliot Villar,1
Gabby Beans,1
Michael Gaston,1
Jeremy Shamos,1
Courtney Grace,1
Henry Lloyd-Hughes,1
Elizabeth Marvel,1
Wyatt Russell,1
Eve Hewson,1
Colman Domingo,1
Colin Firth,1
Emily Jackson,1
Patricia Fa'asua,1
Michael Metuakore,1
Michael Alisa,1
Hanalē Ka‘anapu,1
Ehulani Hope Kāne,1
La Masae Fa‘amausili-Siliato,1
Moses Goods,1
Eric Scanlan,1
Kapeneta Te'o-Tafiti,1
Sione Milford,1
Sam Puefua,1
Amaya Masoli,1
Emma Puahi-Shapazian,1
Jemaine Clement,1
Frankie Adams,1
Bob Greenberg,1
Rena Owen,1
Dwayne Johnson,1
Catherine Lagaʻaia,1
Gibson Frazier,1
Michael Kaurene,1
Brooke Morris,1
Jordan Gelber,1
Kit Williams,1
Eboni Booth,1
Revon Yousif,1
Elaine Baez,1
Lilli Stein,1
Lucy Taylor,1
Viveca Chow,1
Robert Engel,1
John Tui,1
Logan Marshall-Green,1
Eduardo Miguel Merodio,1
Scott Kasics,1
Marcus Lewis,1
Ben VanderMey,1
Phil Biedron,1
JJ Field,1
Shawn Howell Wayans,1
Mar Wayans,1
Marlon Fisher,1
Diallo Riddle,1
Robert Pralgo,1
Cara AnnMarie,1
Sydney Castillo,1
Justin Miles,1
Josh O'Connor,1
Anne Hathaway,1
Nedim Jahić,1
Michael Leavy,1
Josh Stewart,1
Jené Marie Moore,1
Rafi Gavron,1
Shiloh Fernandez,1
Elliot Page,1
Niko Nicotera,1
Jarreth J. Merz,1
Corey Hawkins,1
Travis Scott,1
Charlize Theron,1
John Leguizamo,1
Himesh Patel,1
Logan Tiddes,1
Emily Blunt,1
Kamden Riley,1
Michael Vlamis,1
Brian Vernel,1
James Remar,1
Samantha Morton,1
John King,1
Barnaby Nolan,1
Daniel Dorr,1
Tyler Beardsley,1
Chris Riggi,1
Artoun Nazareth,1
Craig Gellis,1
Chess Lopez,1
Jessie Cohen,1
Nick E. Tarabay,1
Lupita Nyong'o,1
Maurice Compte,1
Bill Irwin,1
Yannis Kokiasmenos,1
Sean Avery,1
Ian Casselberry,1
Matt Lasky,1
Stephen Murphy,1
Anthony Molinari,1
Will Yun Lee,1
Ryan de Quintal,1
Jesse Garcia,1
Jimmy Gonzales,1
Jon Bernthal,1
Zendaya,1
Xavier Brown,1
George Montague,1
Wil Coban,1
Heather Agyepong,1
Alice Hewkin,1
Clara Rosager,1
Diarmaid Murtagh,1
Emily Piggford,1
Ferdinand Kingsley,1
Thalissa Teixeira,1
Kadiff Kirwan,1
David Corenswet,1
Emily Beecham,1
David Krumholtz,1
Jason Momoa,1
Matthias Schoenaerts,1
Malosi Scanlan,1
Milly Alcock,1
Mel Kostas,1
Kelly Craig,1
Milana Wan,1
Ramona Kim,1
Matthew Patrick Savage,1
Dana Mahmood,1
Rhiannon Roberts,1
Patrick Baynham,1
Sawyer Fraser,1
Calix Fraser,1
Natalie Moon,1
Sarah Hayward,1
Peter New,1
Katharine Isabelle,1
Eve Ridley,1
Sam C. Wilson,1
Jon Xue Zhang,1
Jóhannes Haukur Jóhannesson,1
Alison Brie,1
Jared Leto,1
Idris Elba,1
Camila Mendes,1
Nicholas Galitzine,1
Seth Rogen,1
Florisa Kamara,1
Audrey Kattan,1
Daniel Scott-Smith,1
Dean Nolan,1
Shaun Mason,1
Tom Godwin,1
Bruce Lennox,1
Jordan Coulson,1
Henry Tozer,1
Winnie Ama,1
Adam Young,1
Luke Rollason,1
Craig Binning,1
Charlie Rawes,1
Paul Hunter,1
Imogen Turner,1
Naomi Wirthner,1
Asha Soetan,1
Keeley Forsyth,1
Leo Bill,1
Avye Leventis,1
Audrey Brisson-Jutras,1
James Eeles,1
Maddi Hulburt,1
Evan Brown,1
Tim Robinson,1
Mai Chi Nguyen,1
Manny Liotta,1
Emilio Flores,1
Jose Herrera,1
Jorge Luquin,1
Kyle Blumenthal,1
Mariana Silva,1
Alex Maystrik,1
Charles Santa Cruz,1
Malcolm Kelner,1
Chloe Breen,1
Anthony Casabianca,1
Philip Granger,1
Anthony Pavone,1
Darin Toonder,1
Haley Fitzgerald,1
Andy Richter,1
Megan Lawless,1
Cooper Tomlinson,1
Inde Navarrette,1
Michael Johnston,1
Joe Momoa,1
Tealoha Hokulani Carrera,1
Eli Matthew-Lauvao Lutali,1
Huxley Hiko,1
Pisila Kioa,1
Sione Kite,1
Elijah Fui,1
Justice,1
Krista Kosonen,1
Ember Ambrose,1
Robert Bobroczkyi,1
Avan Jogia,1
Mark Duplass,1
Lukita Maxwell,1
Finn Bennett,1
Renate Reinsve,1
Chiwetel Ejiofor,1
Jeff Barker,1
Curry Barker,1
Iyana Fawcett,1
Michael Brockmann,1
Cydney Jenks,1
Chelsey Kaye,1
Jacob Stephens,1
Ben Scattone,1
Travis Beck,1
Max Maher,1
Claudio Parrone Jr.,1
Sabina Tenorio,1
Gabriel Rubalcava,1
Dario Ramos,1
Dannell Brown,1
Kevin Kim,1
Evan Lugo,1
Itzel Ximena Gonzalez,1
Matthew Jackson,1
Dylan Michael Searle,1
Danielle Krett,1
Skyler Zurn,1
Ian Brown,1
