id,media_type,title,date,popularity,vote_average,vote_count,original_language,genres,week,genre
969681,movie,Spider-Man: Brand New Day,2026-07-28,2054.3173,8.0,692,en,Science Fiction; Action; Adventure,2026-08-02,Science Fiction
969681,movie,Spider-Man: Brand New Day,2026-07-28,2054.3173,8.0,692,en,Science Fiction; Action; Adventure,2026-08-02,Action
969681,movie,Spider-Man: Brand New Day,2026-07-28,2054.3173,8.0,692,en,Science Fiction; Action; Adventure,2026-08-02,Adventure
1368337,movie,The Odyssey,2026-07-15,1177.1048,7.954,2080,en,Adventure; Action; Fantasy,2026-08-02,Adventure
1368337,movie,The Odyssey,2026-07-15,1177.1048,7.954,2080,en,Adventure; Action; Fantasy,2026-08-02,Action
1368337,movie,The Odyssey,2026-07-15,1177.1048,7.954,2080,en,Adventure; Action; Fantasy,2026-08-02,Fantasy
1081003,movie,Supergirl,2026-06-24,623.9031,6.741,1400,en,Action; Adventure; Science Fiction,2026-08-02,Action
1081003,movie,Supergirl,2026-06-24,623.9031,6.741,1400,en,Action; Adventure; Science Fiction,2026-08-02,Adventure
1081003,movie,Supergirl,2026-06-24,623.9031,6.741,1400,en,Action; Adventure; Science Fiction,2026-08-02,Science Fiction
454639,movie,Masters of the Universe,2026-06-03,436.827,7.3,1491,en,Action; Fantasy; Science Fiction,2026-08-02,Action
454639,movie,Masters of the Universe,2026-06-03,436.827,7.3,1491,en,Action; Fantasy; Science Fiction,2026-08-02,Fantasy
454639,movie,Masters of the Universe,2026-06-03,436.827,7.3,1491,en,Action; Fantasy; Science Fiction,2026-08-02,Science Fiction
1275779,movie,Disclosure Day,2026-06-10,401.5466,7.404,2222,en,Science Fiction; Thriller,2026-08-02,Science Fiction
1275779,movie,Disclosure Day,2026-06-10,401.5466,7.404,2222,en,Science Fiction; Thriller,2026-08-02,Thriller
1339713,movie,Obsession,2026-05-13,393.0465,8.249,4106,en,Horror; Thriller,2026-08-02,Horror
1339713,movie,Obsession,2026-05-13,393.0465,8.249,4106,en,Horror; Thriller,2026-08-02,Thriller
1108427,movie,Moana,2026-07-08,330.4523,5.84,162,en,Family; Fantasy; Comedy; Adventure,2026-08-02,Family
1108427,movie,Moana,2026-07-08,330.4523,5.84,162,en,Family; Fantasy; Comedy; Adventure,2026-08-02,Fantasy
1108427,movie,Moana,2026-07-08,330.4523,5.84,162,en,Family; Fantasy; Comedy; Adventure,2026-08-02,Comedy
1108427,movie,Moana,2026-07-08,330.4523,5.84,162,en,Family; Fantasy; Comedy; Adventure,2026-08-02,Adventure
1284465,movie,The Death of Robin Hood,2026-06-18,328.3313,6.551,146,en,Adventure; Drama; Action,2026-08-02,Adventure
1284465,movie,The Death of Robin Hood,2026-06-18,328.3313,6.551,146,en,Adventure; Drama; Action,2026-08-02,Drama
1284465,movie,The Death of Robin Hood,2026-06-18,328.3313,6.551,146,en,Adventure; Drama; Action,2026-08-02,Action
94997,tv,House of the Dragon,2022-08-21,310.3158,8.377,6803,en,Sci-Fi & Fantasy; Drama; Action & Adventure,2026-08-02,Sci-Fi & Fantasy
94997,tv,House of the Dragon,2022-08-21,310.3158,8.377,6803,en,Sci-Fi & Fantasy; Drama; Action & Adventure,2026-08-02,Drama
94997,tv,House of the Dragon,2022-08-21,310.3158,8.377,6803,en,Sci-Fi & Fantasy; Drama; Action & Adventure,2026-08-02,Action & Adventure
1084244,movie,Toy Story 5,2026-06-17,298.6146,7.421,743,en,Animation; Family; Comedy; Adventure,2026-08-02,Animation
1084244,movie,Toy Story 5,2026-06-17,298.6146,7.421,743,en,Animation; Family; Comedy; Adventure,2026-08-02,Family
1084244,movie,Toy Story 5,2026-06-17,298.6146,7.421,743,en,Animation; Family; Comedy; Adventure,2026-08-02,Comedy
1084244,movie,Toy Story 5,2026-06-17,298.6146,7.421,743,en,Animation; Family; Comedy; Adventure,2026-08-02,Adventure
980431,movie,Avatar Aang: The Last Airbender,2026-07-24,288.9823,9.325,590,en,Animation; Action; Adventure; Fantasy,2026-08-02,Animation
980431,movie,Avatar Aang: The Last Airbender,2026-07-24,288.9823,9.325,590,en,Animation; Action; Adventure; Fantasy,2026-08-02,Action
980431,movie,Avatar Aang: The Last Airbender,2026-07-24,288.9823,9.325,590,en,Animation; Action; Adventure; Fantasy,2026-08-02,Adventure
980431,movie,Avatar Aang: The Last Airbender,2026-07-24,288.9823,9.325,590,en,Animation; Action; Adventure; Fantasy,2026-08-02,Fantasy
1315772,movie,Minions & Monsters,2026-06-24,268.3149,6.402,251,en,Adventure; Animation; Comedy; Family; Fantasy,2026-08-02,Adventure
1315772,movie,Minions & Monsters,2026-06-24,268.3149,6.402,251,en,Adventure; Animation; Comedy; Family; Fantasy,2026-08-02,Animation
1315772,movie,Minions & Monsters,2026-06-24,268.3149,6.402,251,en,Adventure; Animation; Comedy; Family; Fantasy,2026-08-02,Comedy
1315772,movie,Minions & Monsters,2026-06-24,268.3149,6.402,251,en,Adventure; Animation; Comedy; Family; Fantasy,2026-08-02,Family
1315772,movie,Minions & Monsters,2026-06-24,268.3149,6.402,251,en,Adventure; Animation; Comedy; Family; Fantasy,2026-08-02,Fantasy
1083381,movie,Backrooms,2026-05-27,262.1679,7.083,2427,en,Horror; Mystery; Science Fiction,2026-08-02,Horror
1083381,movie,Backrooms,2026-05-27,262.1679,7.083,2427,en,Horror; Mystery; Science Fiction,2026-08-02,Mystery
1083381,movie,Backrooms,2026-05-27,262.1679,7.083,2427,en,Horror; Mystery; Science Fiction,2026-08-02,Science Fiction
79744,tv,The Rookie,2018-10-16,256.1625,8.549,3421,en,Crime; Drama; Comedy,2026-08-02,Crime
79744,tv,The Rookie,2018-10-16,256.1625,8.549,3421,en,Crime; Drama; Comedy,2026-08-02,Drama
79744,tv,The Rookie,2018-10-16,256.1625,8.549,3421,en,Crime; Drama; Comedy,2026-08-02,Comedy
1481343,movie,The Devil's Mouth,2026-07-29,246.3862,6.664,335,en,Horror; Thriller,2026-08-02,Horror
1481343,movie,The Devil's Mouth,2026-07-29,246.3862,6.664,335,en,Horror; Thriller,2026-08-02,Thriller
125988,tv,Silo,2023-05-04,238.6817,8.185,2361,en,Sci-Fi & Fantasy; Drama,2026-08-02,Sci-Fi & Fantasy
125988,tv,Silo,2023-05-04,238.6817,8.185,2361,en,Sci-Fi & Fantasy; Drama,2026-08-02,Drama
60625,tv,Rick and Morty,2013-12-02,226.7713,8.7,11213,en,Animation; Comedy; Sci-Fi & Fantasy; Action & Adventure,2026-08-02,Animation
60625,tv,Rick and Morty,2013-12-02,226.7713,8.7,11213,en,Animation; Comedy; Sci-Fi & Fantasy; Action & Adventure,2026-08-02,Comedy
60625,tv,Rick and Morty,2013-12-02,226.7713,8.7,11213,en,Animation; Comedy; Sci-Fi & Fantasy; Action & Adventure,2026-08-02,Sci-Fi & Fantasy
60625,tv,Rick and Morty,2013-12-02,226.7713,8.7,11213,en,Animation; Comedy; Sci-Fi & Fantasy; Action & Adventure,2026-08-02,Action & Adventure
1375646,movie,Colony,2026-05-21,221.3403,8.075,366,ko,Action; Horror; Science Fiction,2026-08-02,Action
1375646,movie,Colony,2026-05-21,221.3403,8.075,366,ko,Action; Horror; Science Fiction,2026-08-02,Horror
1375646,movie,Colony,2026-05-21,221.3403,8.075,366,ko,Action; Horror; Science Fiction,2026-08-02,Science Fiction
124364,tv,FROM,2022-02-20,202.251,8.498,4101,en,Mystery; Drama; Sci-Fi & Fantasy,2026-08-02,Mystery
124364,tv,FROM,2022-02-20,202.251,8.498,4101,en,Mystery; Drama; Sci-Fi & Fantasy,2026-08-02,Drama
124364,tv,FROM,2022-02-20,202.251,8.498,4101,en,Mystery; Drama; Sci-Fi & Fantasy,2026-08-02,Sci-Fi & Fantasy
1311031,movie,Demon Slayer: Kimetsu no Yaiba Infinity Castle,2025-07-18,199.7701,8.557,1521,ja,Animation; Action; Fantasy,2026-08-02,Animation
1311031,movie,Demon Slayer: Kimetsu no Yaiba Infinity Castle,2025-07-18,199.7701,8.557,1521,ja,Animation; Action; Fantasy,2026-08-02,Action
1311031,movie,Demon Slayer: Kimetsu no Yaiba Infinity Castle,2025-07-18,199.7701,8.557,1521,ja,Animation; Action; Fantasy,2026-08-02,Fantasy
1630409,movie,The Debt Collector,2026-07-20,190.0831,7.611,45,th,Action; Thriller; Crime,2026-08-02,Action
1630409,movie,The Debt Collector,2026-07-20,190.0831,7.611,45,th,Action; Thriller; Crime,2026-08-02,Thriller
1630409,movie,The Debt Collector,2026-07-20,190.0831,7.611,45,th,Action; Thriller; Crime,2026-08-02,Crime
1273221,movie,Scary Movie,2026-06-03,175.4596,6.506,1387,en,Comedy,2026-08-02,Comedy
687163,movie,Project Hail Mary,2026-03-15,171.4296,8.7,6706,en,Science Fiction; Adventure,2026-08-02,Science Fiction
687163,movie,Project Hail Mary,2026-03-15,171.4296,8.7,6706,en,Science Fiction; Adventure,2026-08-02,Adventure
108978,tv,Reacher,2022-02-03,171.2621,8.078,2976,en,Action & Adventure; Drama; Crime,2026-08-02,Action & Adventure
108978,tv,Reacher,2022-02-03,171.2621,8.078,2976,en,Action & Adventure; Drama; Crime,2026-08-02,Drama
108978,tv,Reacher,2022-02-03,171.2621,8.078,2976,en,Action & Adventure; Drama; Crime,2026-08-02,Crime
1564614,movie,Leviticus,2026-06-17,168.5217,6.256,88,en,Horror; Romance,2026-08-02,Horror
1564614,movie,Leviticus,2026-06-17,168.5217,6.256,88,en,Horror; Romance,2026-08-02,Romance
456,tv,The Simpsons,1989-12-17,167.0581,8.02,10905,en,Animation; Comedy,2026-08-02,Animation
456,tv,The Simpsons,1989-12-17,167.0581,8.02,10905,en,Animation; Comedy,2026-08-02,Comedy
94664,tv,Mushoku Tensei: Jobless Reincarnation,2021-01-11,161.8737,8.465,1630,ja,Action & Adventure; Animation; Sci-Fi & Fantasy,2026-08-02,Action & Adventure
94664,tv,Mushoku Tensei: Jobless Reincarnation,2021-01-11,161.8737,8.465,1630,ja,Action & Adventure; Animation; Sci-Fi & Fantasy,2026-08-02,Animation
94664,tv,Mushoku Tensei: Jobless Reincarnation,2021-01-11,161.8737,8.465,1630,ja,Action & Adventure; Animation; Sci-Fi & Fantasy,2026-08-02,Sci-Fi & Fantasy
1314481,movie,The Devil Wears Prada 2,2026-04-29,152.973,7.105,1856,en,Comedy; Drama,2026-08-02,Comedy
1314481,movie,The Devil Wears Prada 2,2026-04-29,152.973,7.105,1856,en,Comedy; Drama,2026-08-02,Drama
66732,tv,Stranger Things,2016-07-15,135.6499,8.556,21571,en,Action & Adventure; Mystery; Sci-Fi & Fantasy,2026-08-02,Action & Adventure
66732,tv,Stranger Things,2016-07-15,135.6499,8.556,21571,en,Action & Adventure; Mystery; Sci-Fi & Fantasy,2026-08-02,Mystery
66732,tv,Stranger Things,2016-07-15,135.6499,8.556,21571,en,Action & Adventure; Mystery; Sci-Fi & Fantasy,2026-08-02,Sci-Fi & Fantasy
76479,tv,The Boys,2019-07-25,127.8391,8.44,13210,en,Sci-Fi & Fantasy; Action & Adventure,2026-08-02,Sci-Fi & Fantasy
76479,tv,The Boys,2019-07-25,127.8391,8.44,13210,en,Sci-Fi & Fantasy; Action & Adventure,2026-08-02,Action & Adventure
1228710,movie,The Mandalorian and Grogu,2026-05-20,126.535,7.401,1079,en,Action; Adventure; Science Fiction,2026-08-02,Action
1228710,movie,The Mandalorian and Grogu,2026-05-20,126.535,7.401,1079,en,Action; Adventure; Science Fiction,2026-08-02,Adventure
1228710,movie,The Mandalorian and Grogu,2026-05-20,126.535,7.401,1079,en,Action; Adventure; Science Fiction,2026-08-02,Science Fiction
949838,movie,72 HOURS,2026-07-20,115.1538,6.773,233,en,Comedy; Crime,2026-08-02,Comedy
949838,movie,72 HOURS,2026-07-20,115.1538,6.773,233,en,Comedy; Crime,2026-08-02,Crime
936075,movie,Michael,2026-04-22,111.3581,8.694,3819,en,Music; Drama,2026-08-02,Music
936075,movie,Michael,2026-04-22,111.3581,8.694,3819,en,Music; Drama,2026-08-02,Drama
1280738,movie,The Furious,2026-06-10,110.9402,7.324,284,zh,Action; Crime; Thriller,2026-08-02,Action
1280738,movie,The Furious,2026-06-10,110.9402,7.324,284,zh,Action; Crime; Thriller,2026-08-02,Crime
1280738,movie,The Furious,2026-06-10,110.9402,7.324,284,zh,Action; Crime; Thriller,2026-08-02,Thriller
278624,tv,Lucky,2026-07-14,107.4271,7.24,104,en,Drama; Crime,2026-08-02,Drama
278624,tv,Lucky,2026-07-14,107.4271,7.24,104,en,Drama; Crime,2026-08-02,Crime
931285,movie,Mortal Kombat II,2026-05-06,105.2073,7.9,2235,en,Action; Fantasy; Adventure,2026-08-02,Action
931285,movie,Mortal Kombat II,2026-05-06,105.2073,7.9,2235,en,Action; Fantasy; Adventure,2026-08-02,Fantasy
931285,movie,Mortal Kombat II,2026-05-06,105.2073,7.9,2235,en,Action; Fantasy; Adventure,2026-08-02,Adventure
1127384,movie,Deep Water,2026-04-30,105.1625,7.232,339,en,Horror; Thriller,2026-08-02,Horror
1127384,movie,Deep Water,2026-04-30,105.1625,7.232,339,en,Horror; Thriller,2026-08-02,Thriller
113962,tv,Lioness,2023-07-23,104.2129,7.994,1271,en,Drama; War & Politics,2026-08-02,Drama
113962,tv,Lioness,2023-07-23,104.2129,7.994,1271,en,Drama; War & Politics,2026-08-02,War & Politics
83533,movie,Avatar: Fire and Ash,2025-12-17,99.4685,7.6,4015,en,Science Fiction; Adventure; Fantasy,2026-08-02,Science Fiction
83533,movie,Avatar: Fire and Ash,2025-12-17,99.4685,7.6,4015,en,Science Fiction; Adventure; Fantasy,2026-08-02,Adventure
83533,movie,Avatar: Fire and Ash,2025-12-17,99.4685,7.6,4015,en,Science Fiction; Adventure; Fantasy,2026-08-02,Fantasy
1226863,movie,The Super Mario Galaxy Movie,2026-04-01,98.7057,8.264,3325,en,Family; Comedy; Adventure; Fantasy; Animation,2026-08-02,Family
1226863,movie,The Super Mario Galaxy Movie,2026-04-01,98.7057,8.264,3325,en,Family; Comedy; Adventure; Fantasy; Animation,2026-08-02,Comedy
1226863,movie,The Super Mario Galaxy Movie,2026-04-01,98.7057,8.264,3325,en,Family; Comedy; Adventure; Fantasy; Animation,2026-08-02,Adventure
1226863,movie,The Super Mario Galaxy Movie,2026-04-01,98.7057,8.264,3325,en,Family; Comedy; Adventure; Fantasy; Animation,2026-08-02,Fantasy
1226863,movie,The Super Mario Galaxy Movie,2026-04-01,98.7057,8.264,3325,en,Family; Comedy; Adventure; Fantasy; Animation,2026-08-02,Animation
85552,tv,Euphoria,2019-06-16,94.6014,8.282,10997,en,Drama,2026-08-02,Drama
1469342,movie,Her Private Hell,2026-07-23,91.6743,5.0,26,en,Science Fiction; Horror; Thriller,2026-08-02,Science Fiction
1469342,movie,Her Private Hell,2026-07-23,91.6743,5.0,26,en,Science Fiction; Horror; Thriller,2026-08-02,Horror
1469342,movie,Her Private Hell,2026-07-23,91.6743,5.0,26,en,Science Fiction; Horror; Thriller,2026-08-02,Thriller
30984,tv,Bleach,2004-10-05,90.8074,8.366,2198,ja,Action & Adventure; Animation; Sci-Fi & Fantasy,2026-08-02,Action & Adventure
30984,tv,Bleach,2004-10-05,90.8074,8.366,2198,ja,Action & Adventure; Animation; Sci-Fi & Fantasy,2026-08-02,Animation
30984,tv,Bleach,2004-10-05,90.8074,8.366,2198,ja,Action & Adventure; Animation; Sci-Fi & Fantasy,2026-08-02,Sci-Fi & Fantasy
296206,tv,Agent Kim Reactivated,2026-06-26,87.4395,7.6,70,ko,Action & Adventure; Crime; Drama,2026-08-02,Action & Adventure
296206,tv,Agent Kim Reactivated,2026-06-26,87.4395,7.6,70,ko,Action & Adventure; Crime; Drama,2026-08-02,Crime
296206,tv,Agent Kim Reactivated,2026-06-26,87.4395,7.6,70,ko,Action & Adventure; Crime; Drama,2026-08-02,Drama
1318621,movie,Descendants: Wicked Wonderland,2026-07-16,86.3371,7.619,135,en,TV Movie; Family; Fantasy; Adventure,2026-08-02,TV Movie
1318621,movie,Descendants: Wicked Wonderland,2026-07-16,86.3371,7.619,135,en,TV Movie; Family; Fantasy; Adventure,2026-08-02,Family
1318621,movie,Descendants: Wicked Wonderland,2026-07-16,86.3371,7.619,135,en,TV Movie; Family; Fantasy; Adventure,2026-08-02,Fantasy
1318621,movie,Descendants: Wicked Wonderland,2026-07-16,86.3371,7.619,135,en,TV Movie; Family; Fantasy; Adventure,2026-08-02,Adventure
287238,tv,Furious,2026-07-27,82.6733,6.704,27,en,Drama; Crime,2026-08-02,Drama
287238,tv,Furious,2026-07-27,82.6733,6.704,27,en,Drama; Crime,2026-08-02,Crime
277439,tv,Cape Fear,2026-06-04,82.1818,7.16,106,en,Crime; Drama,2026-08-02,Crime
277439,tv,Cape Fear,2026-06-04,82.1818,7.16,106,en,Crime; Drama,2026-08-02,Drama
138502,tv,X-Men '97,2024-03-20,81.4885,8.675,815,en,Animation; Action & Adventure; Sci-Fi & Fantasy,2026-08-02,Animation
138502,tv,X-Men '97,2024-03-20,81.4885,8.675,815,en,Animation; Action & Adventure; Sci-Fi & Fantasy,2026-08-02,Action & Adventure
138502,tv,X-Men '97,2024-03-20,81.4885,8.675,815,en,Animation; Action & Adventure; Sci-Fi & Fantasy,2026-08-02,Sci-Fi & Fantasy
287620,tv,Stuart Fails to Save the Universe,2026-07-23,79.8328,9.27,61,en,Comedy; Sci-Fi & Fantasy,2026-08-02,Comedy
287620,tv,Stuart Fails to Save the Universe,2026-07-23,79.8328,9.27,61,en,Comedy; Sci-Fi & Fantasy,2026-08-02,Sci-Fi & Fantasy
95479,tv,JUJUTSU KAISEN,2020-10-03,78.8828,8.584,4582,ja,Animation; Action & Adventure; Sci-Fi & Fantasy,2026-08-02,Animation
95479,tv,JUJUTSU KAISEN,2020-10-03,78.8828,8.584,4582,ja,Animation; Action & Adventure; Sci-Fi & Fantasy,2026-08-02,Action & Adventure
95479,tv,JUJUTSU KAISEN,2020-10-03,78.8828,8.584,4582,ja,Animation; Action & Adventure; Sci-Fi & Fantasy,2026-08-02,Sci-Fi & Fantasy
215072,tv,A Shop for Killers,2024-01-17,77.9874,8.363,197,ko,Drama; Action & Adventure; Mystery,2026-08-02,Drama
215072,tv,A Shop for Killers,2024-01-17,77.9874,8.363,197,ko,Drama; Action & Adventure; Mystery,2026-08-02,Action & Adventure
215072,tv,A Shop for Killers,2024-01-17,77.9874,8.363,197,ko,Drama; Action & Adventure; Mystery,2026-08-02,Mystery
194583,tv,The Walking Dead: Dead City,2023-06-18,74.5396,7.9,761,en,Action & Adventure; Drama; Sci-Fi & Fantasy,2026-08-02,Action & Adventure
194583,tv,The Walking Dead: Dead City,2023-06-18,74.5396,7.9,761,en,Action & Adventure; Drama; Sci-Fi & Fantasy,2026-08-02,Drama
194583,tv,The Walking Dead: Dead City,2023-06-18,74.5396,7.9,761,en,Action & Adventure; Drama; Sci-Fi & Fantasy,2026-08-02,Sci-Fi & Fantasy
615,tv,Futurama,1999-03-28,73.7797,8.361,3819,en,Animation; Comedy; Sci-Fi & Fantasy,2026-08-02,Animation
615,tv,Futurama,1999-03-28,73.7797,8.361,3819,en,Animation; Comedy; Sci-Fi & Fantasy,2026-08-02,Comedy
615,tv,Futurama,1999-03-28,73.7797,8.361,3819,en,Animation; Comedy; Sci-Fi & Fantasy,2026-08-02,Sci-Fi & Fantasy
97546,tv,Ted Lasso,2020-08-14,73.0441,8.34,2468,en,Drama; Comedy,2026-08-02,Drama
97546,tv,Ted Lasso,2020-08-14,73.0441,8.34,2468,en,Drama; Comedy,2026-08-02,Comedy
1003596,movie,Avengers: Doomsday,2026-12-16,72.0605,0.0,0,en,Science Fiction; Action; Adventure,2026-08-02,Science Fiction
1003596,movie,Avengers: Doomsday,2026-12-16,72.0605,0.0,0,en,Science Fiction; Action; Adventure,2026-08-02,Action
1003596,movie,Avengers: Doomsday,2026-12-16,72.0605,0.0,0,en,Science Fiction; Action; Adventure,2026-08-02,Adventure
1439930,movie,The Punisher: One Last Kill,2026-05-12,70.6878,8.305,1966,en,Action; Drama; Crime,2026-08-02,Action
1439930,movie,The Punisher: One Last Kill,2026-05-12,70.6878,8.305,1966,en,Action; Drama; Crime,2026-08-02,Drama
1439930,movie,The Punisher: One Last Kill,2026-05-12,70.6878,8.305,1966,en,Action; Drama; Crime,2026-08-02,Crime
65942,tv,Re:ZERO -Starting Life in Another World-,2016-04-04,69.1264,8.025,730,ja,Animation; Drama; Mystery; Action & Adventure; Sci-Fi & Fantasy,2026-08-02,Animation
65942,tv,Re:ZERO -Starting Life in Another World-,2016-04-04,69.1264,8.025,730,ja,Animation; Drama; Mystery; Action & Adventure; Sci-Fi & Fantasy,2026-08-02,Drama
65942,tv,Re:ZERO -Starting Life in Another World-,2016-04-04,69.1264,8.025,730,ja,Animation; Drama; Mystery; Action & Adventure; Sci-Fi & Fantasy,2026-08-02,Mystery
65942,tv,Re:ZERO -Starting Life in Another World-,2016-04-04,69.1264,8.025,730,ja,Animation; Drama; Mystery; Action & Adventure; Sci-Fi & Fantasy,2026-08-02,Action & Adventure
65942,tv,Re:ZERO -Starting Life in Another World-,2016-04-04,69.1264,8.025,730,ja,Animation; Drama; Mystery; Action & Adventure; Sci-Fi & Fantasy,2026-08-02,Sci-Fi & Fantasy
103516,tv,Star Trek: Strange New Worlds,2022-05-05,57.899,7.92,797,en,Sci-Fi & Fantasy; Drama,2026-08-02,Sci-Fi & Fantasy
103516,tv,Star Trek: Strange New Worlds,2022-05-05,57.899,7.92,797,en,Sci-Fi & Fantasy; Drama,2026-08-02,Drama
296756,tv,President Curtis,2026-07-26,57.1342,5.813,16,en,Animation; Comedy,2026-08-02,Animation
296756,tv,President Curtis,2026-07-26,57.1342,5.813,16,en,Animation; Comedy,2026-08-02,Comedy
203744,tv,Sugar,2024-04-04,55.9893,7.1,342,en,Drama; Mystery,2026-08-02,Drama
203744,tv,Sugar,2024-04-04,55.9893,7.1,342,en,Drama; Mystery,2026-08-02,Mystery
1301421,movie,The Sheep Detectives,2026-04-30,55.9678,7.929,1280,en,Comedy; Family; Mystery,2026-08-02,Comedy
1301421,movie,The Sheep Detectives,2026-04-30,55.9678,7.929,1280,en,Comedy; Family; Mystery,2026-08-02,Family
1301421,movie,The Sheep Detectives,2026-04-30,55.9678,7.929,1280,en,Comedy; Family; Mystery,2026-08-02,Mystery
281281,tv,Elite Force,2026-07-22,55.4897,7.408,49,fr,Action & Adventure; Crime; Drama,2026-08-02,Action & Adventure
281281,tv,Elite Force,2026-07-22,55.4897,7.408,49,fr,Action & Adventure; Crime; Drama,2026-08-02,Crime
281281,tv,Elite Force,2026-07-22,55.4897,7.408,49,fr,Action & Adventure; Crime; Drama,2026-08-02,Drama
281281,tv,Elite Force,2026-07-22,55.4897,7.408,49,fr,Action & Adventure; Crime; Drama,2026-08-02,Action & Adventure
281281,tv,Elite Force,2026-07-22,55.4897,7.408,49,fr,Action & Adventure; Crime; Drama,2026-08-02,Crime
281281,tv,Elite Force,2026-07-22,55.4897,7.408,49,fr,Action & Adventure; Crime; Drama,2026-08-02,Drama
1122573,movie,In the Grey,2026-05-13,55.1619,7.558,636,en,Action; Thriller,2026-08-02,Action
1122573,movie,In the Grey,2026-05-13,55.1619,7.558,636,en,Action; Thriller,2026-08-02,Thriller
125909,tv,Batman: Caped Crusader,2024-08-01,54.6937,7.258,265,en,Animation; Crime; Action & Adventure; Mystery,2026-08-02,Animation
125909,tv,Batman: Caped Crusader,2024-08-01,54.6937,7.258,265,en,Animation; Crime; Action & Adventure; Mystery,2026-08-02,Crime
125909,tv,Batman: Caped Crusader,2024-08-01,54.6937,7.258,265,en,Animation; Crime; Action & Adventure; Mystery,2026-08-02,Action & Adventure
125909,tv,Batman: Caped Crusader,2024-08-01,54.6937,7.258,265,en,Animation; Crime; Action & Adventure; Mystery,2026-08-02,Mystery
312949,tv,Chainsmoker Cat,2026-07-03,50.8076,8.3,41,ja,Animation; Comedy; Sci-Fi & Fantasy,2026-08-02,Animation
312949,tv,Chainsmoker Cat,2026-07-03,50.8076,8.3,41,ja,Animation; Comedy; Sci-Fi & Fantasy,2026-08-02,Comedy
312949,tv,Chainsmoker Cat,2026-07-03,50.8076,8.3,41,ja,Animation; Comedy; Sci-Fi & Fantasy,2026-08-02,Sci-Fi & Fantasy
37854,tv,One Piece,1999-10-20,50.3101,8.749,5451,ja,Action & Adventure; Comedy; Animation,2026-08-02,Action & Adventure
37854,tv,One Piece,1999-10-20,50.3101,8.749,5451,ja,Action & Adventure; Comedy; Animation,2026-08-02,Comedy
37854,tv,One Piece,1999-10-20,50.3101,8.749,5451,ja,Action & Adventure; Comedy; Animation,2026-08-02,Animation
298610,tv,Spooky in Love,2026-07-18,50.1442,8.028,18,ko,Comedy; Sci-Fi & Fantasy; Drama,2026-08-02,Comedy
298610,tv,Spooky in Love,2026-07-18,50.1442,8.028,18,ko,Comedy; Sci-Fi & Fantasy; Drama,2026-08-02,Sci-Fi & Fantasy
298610,tv,Spooky in Love,2026-07-18,50.1442,8.028,18,ko,Comedy; Sci-Fi & Fantasy; Drama,2026-08-02,Drama
271016,tv,Mystic Nine,2026-07-30,49.7381,8.5,2,zh,Drama; Action & Adventure,2026-08-02,Drama
271016,tv,Mystic Nine,2026-07-30,49.7381,8.5,2,zh,Drama; Action & Adventure,2026-08-02,Action & Adventure
1368314,movie,Passenger,2026-05-20,48.9492,7.294,657,en,Horror; Thriller,2026-08-02,Horror
1368314,movie,Passenger,2026-05-20,48.9492,7.294,657,en,Horror; Thriller,2026-08-02,Thriller
1212763,movie,Evil Dead Burn,2026-07-07,48.3143,6.8,225,en,Horror,2026-08-02,Horror
289763,tv,See You at Work Tomorrow!,2026-06-22,46.7843,9.064,47,ko,Comedy; Drama,2026-08-02,Comedy
289763,tv,See You at Work Tomorrow!,2026-06-22,46.7843,9.064,47,ko,Comedy; Drama,2026-08-02,Drama
1061474,movie,Superman,2025-07-09,44.8251,7.324,5169,en,Science Fiction; Adventure; Action,2026-08-02,Science Fiction
1061474,movie,Superman,2025-07-09,44.8251,7.324,5169,en,Science Fiction; Adventure; Action,2026-08-02,Adventure
1061474,movie,Superman,2025-07-09,44.8251,7.324,5169,en,Science Fiction; Adventure; Action,2026-08-02,Action
300259,tv,Bloody Smart,2026-07-28,44.7431,7.286,7,zh,Mystery,2026-08-02,Mystery
1361774,movie,The Dink,2026-07-23,44.299,6.163,80,en,Comedy,2026-08-02,Comedy
1307118,movie,Soulm8te,2026-07-31,44.1834,6.1,25,en,Thriller; Science Fiction; Horror,2026-08-02,Thriller
1307118,movie,Soulm8te,2026-07-31,44.1834,6.1,25,en,Thriller; Science Fiction; Horror,2026-08-02,Science Fiction
1307118,movie,Soulm8te,2026-07-31,44.1834,6.1,25,en,Thriller; Science Fiction; Horror,2026-08-02,Horror
1325734,movie,The Drama,2026-04-01,43.8131,6.91,1432,en,Romance; Comedy; Drama,2026-08-02,Romance
1325734,movie,The Drama,2026-04-01,43.8131,6.91,1432,en,Romance; Comedy; Drama,2026-08-02,Comedy
1325734,movie,The Drama,2026-04-01,43.8131,6.91,1432,en,Romance; Comedy; Drama,2026-08-02,Drama
279323,tv,The East Palace,2026-07-17,40.7856,8.0,54,ko,Mystery; Action & Adventure; Sci-Fi & Fantasy; Drama,2026-08-02,Mystery
279323,tv,The East Palace,2026-07-17,40.7856,8.0,54,ko,Mystery; Action & Adventure; Sci-Fi & Fantasy; Drama,2026-08-02,Action & Adventure
279323,tv,The East Palace,2026-07-17,40.7856,8.0,54,ko,Mystery; Action & Adventure; Sci-Fi & Fantasy; Drama,2026-08-02,Sci-Fi & Fantasy
279323,tv,The East Palace,2026-07-17,40.7856,8.0,54,ko,Mystery; Action & Adventure; Sci-Fi & Fantasy; Drama,2026-08-02,Drama
1659155,movie,The Truthers,2026-07-24,39.1699,5.98,50,es,Thriller; Drama; Mystery,2026-08-02,Thriller
1659155,movie,The Truthers,2026-07-24,39.1699,5.98,50,es,Thriller; Drama; Mystery,2026-08-02,Drama
1659155,movie,The Truthers,2026-07-24,39.1699,5.98,50,es,Thriller; Drama; Mystery,2026-08-02,Mystery
241882,tv,Ride or Die,2026-07-15,38.084,6.207,70,en,Action & Adventure,2026-08-02,Action & Adventure
220102,tv,Spider-Noir,2026-05-25,36.97,8.383,742,en,Drama; Mystery; Crime,2026-08-02,Drama
220102,tv,Spider-Noir,2026-05-25,36.97,8.383,742,en,Drama; Mystery; Crime,2026-08-02,Mystery
220102,tv,Spider-Noir,2026-05-25,36.97,8.383,742,en,Drama; Mystery; Crime,2026-08-02,Crime
1101383,movie,The End of Oak Street,2026-08-12,34.1349,0.0,0,en,Science Fiction; Mystery; Thriller,2026-08-02,Science Fiction
1101383,movie,The End of Oak Street,2026-08-12,34.1349,0.0,0,en,Science Fiction; Mystery; Thriller,2026-08-02,Mystery
1101383,movie,The End of Oak Street,2026-08-12,34.1349,0.0,0,en,Science Fiction; Mystery; Thriller,2026-08-02,Thriller
950028,movie,The Invite,2026-06-25,33.4646,7.775,109,en,Drama; Comedy; Romance,2026-08-02,Drama
950028,movie,The Invite,2026-06-25,33.4646,7.775,109,en,Drama; Comedy; Romance,2026-08-02,Comedy
950028,movie,The Invite,2026-06-25,33.4646,7.775,109,en,Drama; Comedy; Romance,2026-08-02,Romance
125928,tv,My Adventures with Superman,2023-07-07,32.1595,8.165,260,en,Animation; Action & Adventure; Sci-Fi & Fantasy,2026-08-02,Animation
125928,tv,My Adventures with Superman,2023-07-07,32.1595,8.165,260,en,Animation; Action & Adventure; Sci-Fi & Fantasy,2026-08-02,Action & Adventure
125928,tv,My Adventures with Superman,2023-07-07,32.1595,8.165,260,en,Animation; Action & Adventure; Sci-Fi & Fantasy,2026-08-02,Sci-Fi & Fantasy
1430077,movie,Hokum,2026-04-29,30.4313,6.956,633,en,Horror,2026-08-02,Horror
300727,tv,The Apartment Job,2026-07-11,28.2994,8.5,11,ko,Drama; Comedy; Crime,2026-08-02,Drama
300727,tv,The Apartment Job,2026-07-11,28.2994,8.5,11,ko,Drama; Comedy; Crime,2026-08-02,Comedy
300727,tv,The Apartment Job,2026-07-11,28.2994,8.5,11,ko,Drama; Comedy; Crime,2026-08-02,Crime
1396749,movie,Wild Sing,2026-06-03,26.9344,5.8,10,ko,Comedy; Music,2026-08-02,Comedy
1396749,movie,Wild Sing,2026-06-03,26.9344,5.8,10,ko,Comedy; Music,2026-08-02,Music
286709,tv,The Westies,2026-07-12,26.4873,6.471,17,en,Drama; Crime,2026-08-02,Drama
286709,tv,The Westies,2026-07-12,26.4873,6.471,17,en,Drama; Crime,2026-08-02,Crime
292533,tv,Wrath,2026-07-29,26.1382,5.667,3,pt,Crime; Drama,2026-08-02,Crime
292533,tv,Wrath,2026-07-29,26.1382,5.667,3,pt,Crime; Drama,2026-08-02,Drama
1318413,movie,Pressure,2026-05-25,24.2117,7.71,236,en,Thriller; History; War,2026-08-02,Thriller
1318413,movie,Pressure,2026-05-25,24.2117,7.71,236,en,Thriller; History; War,2026-08-02,History
1318413,movie,Pressure,2026-05-25,24.2117,7.71,236,en,Thriller; History; War,2026-08-02,War
294095,tv,A Bona Fide Killer,2026-07-31,22.8301,10.0,2,ko,Drama; Action & Adventure; Mystery; Crime,2026-08-02,Drama
294095,tv,A Bona Fide Killer,2026-07-31,22.8301,10.0,2,ko,Drama; Action & Adventure; Mystery; Crime,2026-08-02,Action & Adventure
294095,tv,A Bona Fide Killer,2026-07-31,22.8301,10.0,2,ko,Drama; Action & Adventure; Mystery; Crime,2026-08-02,Mystery
294095,tv,A Bona Fide Killer,2026-07-31,22.8301,10.0,2,ko,Drama; Action & Adventure; Mystery; Crime,2026-08-02,Crime
1363974,movie,That Time I Got Reincarnated as a Slime the Movie: Tears of the Azure Sea,2026-02-27,21.3911,7.885,26,ja,Animation; Fantasy; Adventure; Comedy,2026-08-02,Animation
1363974,movie,That Time I Got Reincarnated as a Slime the Movie: Tears of the Azure Sea,2026-02-27,21.3911,7.885,26,ja,Animation; Fantasy; Adventure; Comedy,2026-08-02,Fantasy
1363974,movie,That Time I Got Reincarnated as a Slime the Movie: Tears of the Azure Sea,2026-02-27,21.3911,7.885,26,ja,Animation; Fantasy; Adventure; Comedy,2026-08-02,Adventure
1363974,movie,That Time I Got Reincarnated as a Slime the Movie: Tears of the Azure Sea,2026-02-27,21.3911,7.885,26,ja,Animation; Fantasy; Adventure; Comedy,2026-08-02,Comedy
1242332,movie,Normal,2026-04-16,19.8391,7.179,422,en,Action; Crime; Thriller,2026-08-02,Action
1242332,movie,Normal,2026-04-16,19.8391,7.179,422,en,Action; Crime; Thriller,2026-08-02,Crime
1242332,movie,Normal,2026-04-16,19.8391,7.179,422,en,Action; Crime; Thriller,2026-08-02,Thriller
8840,tv,Fightland,2026-07-31,19.4711,5.0,10,en,Crime; Drama,2026-08-02,Crime
8840,tv,Fightland,2026-07-31,19.4711,5.0,10,en,Crime; Drama,2026-08-02,Drama
1458215,movie,The Gentleman Thief,2026-07-31,19.2488,5.864,11,en,Action; Crime; Thriller,2026-08-02,Action
1458215,movie,The Gentleman Thief,2026-07-31,19.2488,5.864,11,en,Action; Crime; Thriller,2026-08-02,Crime
1458215,movie,The Gentleman Thief,2026-07-31,19.2488,5.864,11,en,Action; Crime; Thriller,2026-08-02,Thriller
964849,movie,Nightborn,2026-07-01,16.1175,6.7,15,fi,Horror,2026-08-02,Horror
387,tv,SpongeBob SquarePants,1999-05-01,15.9368,7.713,3244,en,Animation; Comedy; Family,2026-08-02,Animation
387,tv,SpongeBob SquarePants,1999-05-01,15.9368,7.713,3244,en,Animation; Comedy; Family,2026-08-02,Comedy
387,tv,SpongeBob SquarePants,1999-05-01,15.9368,7.713,3244,en,Animation; Comedy; Family,2026-08-02,Family
65930,tv,My Hero Academia,2016-04-03,13.9423,8.608,5343,ja,Action & Adventure; Animation; Sci-Fi & Fantasy,2026-08-02,Action & Adventure
65930,tv,My Hero Academia,2016-04-03,13.9423,8.608,5343,ja,Action & Adventure; Animation; Sci-Fi & Fantasy,2026-08-02,Animation
65930,tv,My Hero Academia,2016-04-03,13.9423,8.608,5343,ja,Action & Adventure; Animation; Sci-Fi & Fantasy,2026-08-02,Sci-Fi & Fantasy
289116,tv,Genius Girlfriend,2026-08-02,8.0666,9.0,1,zh,Drama,2026-08-02,Drama
1741109,movie,WWE SummerSlam 2026: Saturday,2026-08-01,0.7389,7.5,4,en,Action; Drama,2026-08-02,Action
1741109,movie,WWE SummerSlam 2026: Saturday,2026-08-01,0.7389,7.5,4,en,Action; Drama,2026-08-02,Drama
